{"cameraMode":{"drawMode":0,"name":"Shaded","section":"Shading Mode"},"sceneLighting":true,"audioPlay":false,"sceneViewState":{"showFog":true,"showMaterialUpdate":true,"showSkybox":true,"showFlares":true,"showImageEffects":true,"showParticleSystems":true},"in2DMode":false,"pivot":{"x":-1.1106276512145997,"y":-1.1909286975860596,"z":3.6892848014831545},"rotation":{"x":-0.0746946930885315,"y":0.0791858583688736,"z":-0.005948932841420174,"w":-0.9940615296363831},"size":6.367279529571533,"orthographic":false}